csv_id,csv_name,csv_address,place_id,place_name,place_kind,name_score,addr_score,verdict,comment
forbes-high-02,Интеграция XXI век,"Москва, улица Маршала Катукова, 16к1",school-школа-интеграция-xxi-век,Школа «Интеграция XXI век»,blue,0.857,1.0,match,"combined=1.03, dist=0m"
forbes-high-04,Ломоносовская школа,"Москва, Аминьевское шоссе, 18к4",school-ломоносовская-аминьевское,Ломоносовская школа — основная и старшая,green,0.72,1.0,match,"combined=0.95, dist=0m"
forbes-high-10,Павловская гимназия,"Московская область, муниципальный округ Истра, деревня Веледниково, Живописная улица, 136",school-павловская-гимназия,Павловская гимназия,green,1.0,0.72,match,"combined=1.04, dist=0m"
forbes-high-12,Президент,"Московская область, Одинцовский городской округ, деревня Жуковка, Ильинский подъезд, 2с1–4",school-школа-президент,Школа «Президент»,green,0.75,0.742,match,"combined=0.89, dist=0m"
forbes-high-15,Хорошкола,"Москва, улица Маршала Тухачевского, 45к2",kindergarten-хорошкола,Детский сад Хорошколы,green,0.533,1.0,match,"combined=0.83, dist=0m"
forbes-high-17,Cambridge International School,"Москва, Фестивальная улица, 7а",school-cambridge-international-school,Cambridge International School,green,1.0,1.0,match,"combined=1.12, dist=0m"
forbes-high-20,Wunderpark International School,"Московская область, муниципальный округ Истра, деревня Борзые, 1",school-wunderpark-international-school,Wunderpark International School,green,1.0,0.72,match,"combined=1.04, dist=0m"
forbes-mid-05,Европейская гимназия,"Москва, улица Сокольнический Вал, 28",school-европейская-гимназия,Европейская гимназия,green,1.0,1.0,match,"combined=1.12, dist=0m"
forbes-mid-06,Золотое сечение,"Москва, Ленинский проспект, 13а (5–11-й класс)",school-школа-золотое-сечение,Школа «Золотое сечение»,green,0.833,0.72,match,"combined=0.93, dist=0m"
forbes-mid-17,Новая школа,"Москва, Мосфильмовская улица, 88к5",school-новая-школа,Новая школа,green,1.0,1.0,match,"combined=1.12, dist=0m"
forbes-mid-23,Школа ЦПМ,"Москва, Олимпийский проспект, 11с1",school-школа-центра-педагогического-мастерства-цпм,Школа Центра педагогического мастерства (ЦПМ),red,0.72,1.0,match,"combined=0.95, dist=0m"
mathex-1533-lit,Школа 1533 ЛИТ,"ул. Кржижановского, 4А, Москва",school-lit-1533-krzhizhanovskogo,Лицей №1533 (информационных технологий) — здание 3–4 классов,red,0.7,1.0,match,"combined=0.93, dist=0m"
mathex-1580-2,Школа 1580,"Балаклавский просп., 6А, Москва",school-бауманская-инженерная-школа-1580,Бауманская инженерная школа №1580,red,0.72,1.0,match,"combined=0.95, dist=0m"
mathex-intellektual,Школа Интеллектуал,"Кременчугская ул., 11, стр. 4, Москва",school-школа-интеллектуал,Школа «Интеллектуал»,red,1.0,1.0,match,"combined=1.12, dist=0m"
mathex-kurchatov-school,Курчатовская школа,"улица Паршина, 39",school-курчатовская-школа,Курчатовская школа,red,1.0,1.0,match,"combined=1.12, dist=0m"
mathex-letovo,Летово,"Москва, Новомосковский административный округ, район Коммунарка, Зимёнковская улица, 3",school-летово-пансион,Школа-пансион «Летово» — основная школа,red,0.72,0.72,match,"combined=0.86, dist=28m"
mathex-school-1514,Школа 1514,"улица Академика Челомея, 6А",school-школа-1514,Школа №1514,red,0.87,1.0,match,"combined=1.04, dist=0m"
mathex-shkola-1535,Школа 1535,"Усачёва ул., 50, Москва",school-школа-1535,Школа №1535,red,0.87,1.0,match,"combined=1.04, dist=0m"
mathex-shkola-1543,Школа 1543,"ул. 26 Бакинских Комиссаров, 3, корп. 5, Москва",school-московская-гимназия-на-юго-западе-1543-им-ю-в-завельского,Московская гимназия на Юго-Западе №1543 им. Ю. В. Завельского,red,0.7,1.0,match,"combined=0.93, dist=0m"
mathex-skola-179,Школа 179,"ул. Большая Дмитровка, 5/6с7, Москва",school-школа-179,Школа №179,red,0.857,1.0,match,"combined=1.03, dist=0m"
mathex-skola-57,Школа 57,"Малый Знаменский пер., 7/10с5, Москва",school-школа-57,Школа №57,red,0.842,1.0,match,"combined=1.02, dist=0m"
mathex-skola-cpm,ЦПМ,"Олимпийский просп., 11, стр. 1, Москва",school-школа-центра-педагогического-мастерства-цпм,Школа Центра педагогического мастерства (ЦПМ),red,0.72,0.844,match,CSV duplicate of forbes-mid-23; best=school-школа-центра-педагогического-мастерства-цпм comb=0.90 d=0m
mathex-vtoraya-shkola,Лицей Вторая школа,"ул. Фотиевой, 18, Москва",school-лицей-вторая-школа-им-в-ф-овчинникова,Лицей «Вторая школа» им. В. Ф. Овчинникова,red,0.72,1.0,match,"combined=0.95, dist=0m"
forbes-high-05,Ломоносовская школа «Интек»,"Московская область, муниципальный округ Истра, деревня Воронино, клубный поселок «Монолит», Клубная аллея, 2",school-ломоносовская-кременчугская,Ломоносовская школа — корпус на Кременчугской,green,0.676,0.247,unsure,"same-brand/diff-campus? combined=0.49, dist=29524m"
forbes-high-06,Ломоносовская школа — Зеленый мыс,"Московская область, городской округ Мытищи, деревня Подольниха, Клубная улица, 2с1",school-ломоносовская-начальная-москва,Ломоносовская школа — начальная городская,green,0.686,0.295,unsure,"same-brand/diff-campus? combined=0.51, dist=41394m"
forbes-high-01,Британская международная школа,"Москва, Нахимовский проспект, 35а",,,,0.522,0.412,no_match,best: school-ломоносовская-начальная-москва comb=0.45 d=8651m
forbes-high-07,Международная гимназия «Сколково»,"Москва, территория инновационного центра «Сколково», улица Зворыкина, 4",,,,0.492,0.42,no_match,best: school-хорошкола-гимназия comb=0.43 d=13547m
forbes-high-08,Наши традиции,"Москва, Мичуринский проспект, 6к4",,,,0.385,0.462,no_match,best: school-лицей-ниу-вшэ comb=0.38 d=9268m
forbes-high-09,Новый взгляд,"Москва, 1-й Шибаевский переулок, 4",,,,0.32,0.7,no_match,best: school-лицей-ниу-вшэ comb=0.41 d=5965m
forbes-high-11,Первая Московская гимназия,"Московская область, Одинцовский городской округ, деревня Липки, 63а",,,,0.5,0.305,no_match,best: school-хорошкола-гимназия comb=0.40 d=32928m
forbes-high-13,Сколка,"Москва, территория инновационного центра «Сколково», Большой бульвар, 37",,,,0.278,0.321,no_match,best: school-хорошкола-гимназия comb=0.27 d=12466m
forbes-high-14,Снегири,"Москва, Минская улица, 2Вк2",,,,0.286,0.432,no_match,best: school-летово-джуниор comb=0.31 d=1994m
forbes-high-16,Школа Сотрудничества,"Москва, улица Александра Солженицына, 9а",,,,0.32,0.528,no_match,best: school-хорошкола-гимназия comb=0.36 d=12180m
forbes-high-18,Heritage International School,"Москва, Верхняя Краснобогатырская улица, 90с3",,,,0.649,0.314,no_match,best: kindergarten-дошкольные-группы-cambridge-international-school comb=0.50 d=14296m
forbes-high-19,Russian International School,"Московская область, Одинцовский городской округ, деревня Барвиха, 42",,,,0.762,0.264,no_match,best: school-brookes-moscow-international-school comb=0.55 d=25399m
forbes-low-01,Абсолют,"Московская область, городской округ Серпухов, деревня Райсеменовское, 12а",,,,0.286,0.484,no_match,best: school-летово-джуниор comb=0.32 d=77402m
forbes-low-02,Вектор,"Московская область, Мытищи, Летная улица, 21б",,,,0.4,0.333,no_match,best: school-летово-джуниор comb=0.35 d=27132m
forbes-low-03,Колледж XXI века,"Москва, Солнцевский проспект, 7к3",,,,0.345,0.5,no_match,best: school-лицей-ниу-вшэ comb=0.36 d=19848m
forbes-low-04,Лицей ЭКУС,"Московская область, Подольск, Народная улица, 12",,,,0.609,0.351,no_match,best: school-лицей-ниу-вшэ comb=0.48 d=39089m
forbes-low-05,Лотос,"Москва, Шенкурский проезд, 5",,,,0.316,0.439,no_match,best: school-летово-джуниор comb=0.33 d=22279m
forbes-low-06,Русская школа,"Московская область, г. Видное, ул. Советская, дом 16",,,,0.464,0.408,no_match,best: school-ломоносовская-кременчугская comb=0.41 d=24087m
forbes-low-07,Самсон,"Москва, Кленовый бульвар, 7к2",,,,0.267,0.375,no_match,best: school-ломоносовская-начальная-москва comb=0.28 d=13615m
forbes-low-08,Солнечный ветер,"Москва, улица Академика Варги, 2а",,,,0.357,0.218,no_match,best: school-лицей-ниу-вшэ comb=0.29 d=17987m
forbes-low-09,Центр образования «Столичный»,"Москва, Чертановская улица, 34а",,,,0.341,0.439,no_match,best: school-летово-джуниор comb=0.34 d=10353m
forbes-mid-01,Академическая гимназия,"Москва, Новодмитровская улица, 2с9",,,,0.407,0.383,no_match,best: school-хорошкола-прогимназия comb=0.37 d=7030m
forbes-mid-02,Гимназия Святителя Василия Великого,"Московская область, Одинцовский городской округ, деревня Зайцево, Кокошкинское шоссе, 1",,,,0.235,0.7,no_match,best: kindergarten-английский-детский-сад-mcs-school comb=0.36 d=32836m
forbes-mid-03,Горчаковский лицей МГИМО,"Московская область, Одинцово, Новоcпортивная улица, 3",,,,0.486,0.29,no_match,best: school-лицей-ниу-вшэ comb=0.39 d=24740m
forbes-mid-04,Древо познаний,"Московская область, Жуковский, улица Калугина, 9/1",,,,0.429,0.468,no_match,best: school-летово-джуниор comb=0.41 d=40870m
forbes-mid-07,Карьера,"Москва, Краснодарская улица, 11",,,,0.214,0.629,no_match,best: school-школа-548-царицыно comb=0.32 d=6915m
forbes-mid-08,Колибри,"Москва, Никитинская улица, 24а",,,,0.357,0.529,no_match,best: school-школа-548-царицыно comb=0.38 d=20705m
forbes-mid-09,Лидер,"Москва, Юровская улица, 41",,,,0.316,0.444,no_match,best: school-летово-джуниор comb=0.33 d=23824m
forbes-mid-10,Лидеры,"Московская область, Одинцовский городской округ, село Ромашково, Никольская улица, 16к2",,,,0.316,0.333,no_match,best: school-лицей-ниу-вшэ comb=0.30 d=19798m
forbes-mid-11,Лучик,"Москва, улица Вучетича, 7а",,,,0.316,0.278,no_match,best: school-летово-джуниор comb=0.28 d=12638m
forbes-mid-12,Москвич,"Москва, Ленинский проспект, 86б",,,,0.127,0.857,no_match,best: kindergarten-детский-сад-и-начальная-школа-радуга-при-золотом-сечении comb=0.34 d=6838m
forbes-mid-13,Московский лицей «Ступени»,"Москва, Скорняжный переулок, 3с2",,,,0.432,0.346,no_match,best: school-лицей-ниу-вшэ comb=0.37 d=1093m
forbes-mid-14,Муми-Тролль,"Москва, Волоколамское шоссе, 1а",,,,0.4,0.45,no_match,best: school-летово-джуниор comb=0.38 d=12021m
forbes-mid-15,Наследник,"Москва, улица Борисовские Пруды, 19к1",,,,0.435,0.383,no_match,best: school-летово-джуниор comb=0.39 d=15104m
forbes-mid-16,Ника,"Москва, поселение Краснопахорское, село Красное, 3а",,,,0.235,0.455,no_match,best: school-хорошкола-гимназия comb=0.28 d=42296m
forbes-mid-18,Областная гимназия имени Е. М. Примакова,"Московская область, Одинцовский городской округ, деревня Раздоры, Утренняя улица, 1",,,,0.548,0.225,no_match,best: school-хорошкола-гимназия comb=0.41 d=10833m
forbes-mid-19,Областной технолицей имени В. И. Долгих,"Московская область, муниципальный округ Истра, село Павловская Слобода, Академическая улица, 1",,,,0.318,0.7,no_match,best: school-лицей-ниу-вшэ comb=0.41 d=36345m
forbes-mid-20,Олимп-Плюс,"Москва, Рублевское шоссе, 121",,,,0.204,0.562,no_match,best: school-ломоносовская-начальная-москва comb=0.29 d=4537m
forbes-mid-21,СААШ «Марина»,"Москва, улица Панферова, 6к2",,,,0.375,0.438,no_match,best: school-школа-548-царицыно comb=0.36 d=10116m
forbes-mid-22,Феникс,"Москва, Профсоюзная улица, 27к3",,,,0.188,0.895,no_match,best: school-lit-1533-profsoyuznaya comb=0.39 d=1957m
mathex-school-1534,Школа 1534,"улица Кедрова, 11А",,,,0.516,0.533,no_match,best: school-школа-548-царицыно comb=0.48 d=8731m
mathex-school-1568,Школа 1568 имени Пабло Неруды,"проспект Шокальского, 7, корп. 2",,,,0.5,0.286,no_match,best: school-школа-548-царицыно comb=0.40 d=27318m
mathex-silaedr,Силаэдр,"Долгоруковская улица, 7",,,,0.333,0.541,no_match,best: kindergarten-летово-кидс comb=0.37 d=6504m
mathex-skola-2007,Школа 2007,"ул. Горчакова, 9, корп. 1, Москва",,,,0.387,0.424,no_match,best: school-школа-548-царицыно comb=0.37 d=12891m
mathex-univ-gymnasium-msu,Университетская гимназия МГУ,"Ломоносовский проспект, 27, корп. 7",,,,0.378,0.488,no_match,best: kindergarten-детский-сад-европейской-гимназии-в-сокольниках comb=0.38 d=13974m
mathex-vorobgory,Лицей Воробьевы Горы,"Донская ул., 37, Москва",,,,0.412,0.4,no_match,best: school-летово-джуниор comb=0.38 d=6529m
